<?xml version="1.0" encoding="UTF-8"?>
<project-private xmlns="http://www.netbeans.org/ns/project-private/1">
    <editor-bookmarks xmlns="http://www.netbeans.org/ns/editor-bookmarks/2" lastBookmarkId="0"/>
    <open-files xmlns="http://www.netbeans.org/ns/projectui-open-files/2">
        <group>
            <file>file:/C:/Users/Lenovo/Documents/NetBeansProjects/YogiBear/src/yogibear/GameEngine.java</file>
            <file>file:/C:/Users/Lenovo/Documents/NetBeansProjects/YogiBear/src/yogibear/YogiBearGUI.java</file>
            <file>file:/C:/Users/Lenovo/Documents/NetBeansProjects/YogiBear/src/yogibear/YogiBear.java</file>
            <file>file:/C:/Users/Lenovo/Documents/NetBeansProjects/YogiBear/src/yogibear/Ranger.java</file>
            <file>file:/C:/Users/Lenovo/Documents/NetBeansProjects/YogiBear/src/yogibear/Level.java</file>
            <file>file:/C:/Users/Lenovo/Documents/NetBeansProjects/YogiBear/src/yogibear/Sprite.java</file>
            <file>file:/C:/Users/Lenovo/Documents/NetBeansProjects/YogiBear/src/yogibear/Player.java</file>
        </group>
    </open-files>
</project-private>
